title,node_id
ASSISTANT NURSE MANAGER,1
CLINICAL NURSE III,2
CLINICAL NURSE II,3
CLINICAL NURSE CASUAL POOL,4
CLINICAL NURSE II,5
CLINICAL NURSE II,6
CLINICAL NURSE I/RESIDENT,7
CLINICAL NURSE II,8
CLINICAL NURSE II,9
CLINICAL NURSE III,10
CLINICAL NURSE II,11
CLINICAL NURSE II,12
CLINICAL NURSE II,13
CLINICAL NURSE II,14
CLINICAL NURSE CASUAL POOL,15
CLINICAL NURSE II,16
CLINICAL NURSE II,17
CLINICAL NURSE III,18
CLINICAL NURSE III,19
CLINICAL NURSE III,20
CLINICAL NURSE II,21
CLINICAL NURSE II,22
CLINICAL NURSE II,23
ADMINISTRATOR ON DUTY,24
CLINICAL NURSE II,25
CLINICAL NURSE II,26
CLINICAL NURSE II,27
CLINICAL NURSE II,28
CLINICAL NURSE II,29
CLINICAL NURSE II,30
CLINICAL NURSE CASUAL POOL,31
CLINICAL NURSE II,32
CLINICAL NURSE III,33
ASSISTANT NURSE MANAGER,34
CLINICAL NURSE II,35
CLINICAL NURSE II,36
CLINICAL NURSE III,37
CLINICAL NURSE II,38
CLINICAL NURSE II,39
CLINICAL NURSE II,40
CLINICAL NURSE II,41
CLINICAL NURSE II,42
CLINICAL NURSE II,43
CLINICAL NURSE II,44
CLINICAL NURSE III,45
CLINICAL NURSE II,46
CLINICAL NURSE II,47
ADMINISTRATOR ON DUTY,48
CLINICAL NURSE II,49
CLINICAL NURSE II,50
CLINICAL NURSE II,51
CLINICAL NURSE III,52
CLINICAL NURSE II,53
CLINICAL NURSE II,54
CLINICAL NURSE II,55
CLINICAL NURSE II,56
CLINICAL NURSE CASUAL POOL,57
CLINICAL NURSE III,58
CLINICAL NURSE II,59
ASSISTANT NURSE MANAGER,60
CLINICAL NURSE II,61
ASSISTANT NURSE MANAGER,62
CLINICAL NURSE II,63
CLINICAL NURSE III,64
CLINICAL NURSE III,65
CLINICAL NURSE II,66
MANAGER NURSE,67
CLINICAL NURSE III,68
CLINICAL NURSE III,69
CLINICAL NURSE III,70
CLINICAL NURSE III,71
CLINICAL NURSE III,72
ASSISTANT NURSE MANAGER,73
ADMINISTRATOR ON DUTY,74
CLINICAL NURSE III,75
CLINICAL NURSE II,76
CLINICAL NURSE II,77
CLINICAL NURSE II,78
CLINICAL NURSE II,79
CLINICAL NURSE CASUAL POOL,80
CLINICAL NURSE III,81
ADMINISTRATOR ON DUTY,82
CLINICAL NURSE II,83
CLINICAL NURSE II,84
CLINICAL NURSE II,85
CLINICAL NURSE II,86
CLINICAL NURSE I/RESIDENT,87
CLINICAL NURSE III,88
CLINICAL NURSE III,89
CLINICAL NURSE III,90
CLINICAL NURSE III,91
ASSISTANT NURSE MANAGER,92
CLINICAL NURSE II,93
NURSE APPRENTICE II,94
CLINICAL NURSE III,95
MANAGER NURSE,96
CLINICAL NURSE II,97
CLINICAL NURSE II,98
CLINICAL NURSE II,99
CLINICAL NURSE III,100
CLINICAL NURSE II,101
CLINICAL NURSE II,102
CLINICAL NURSE III,103
CLINICAL NURSE I/RESIDENT,104
CLINICAL NURSE II,105
CLINICAL NURSE II,106
CLINICAL NURSE II,107
CLINICAL NURSE II,108
CLINICAL NURSE III,109
CLINICAL NURSE II,110
CLINICAL NURSE II,111
CLINICAL NURSE II,112
CLINICAL NURSE I/RESIDENT,113
NURSE APPRENTICE I,114
CLINICAL NURSE II,115
CLINICAL NURSE II,116
ASSISTANT NURSE MANAGER,117
ASSISTANT NURSE MANAGER,118
CLINICAL NURSE II,119
CLINICAL NURSE II,120
CLINICAL NURSE III,121
CLINICAL NURSE II,122
CLINICAL NURSE III,123
CLINICAL NURSE III,124
CLINICAL NURSE II,125
CLINICAL NURSE II,126
CLINICAL NURSE II,127
CLINICAL NURSE II,128
CLINICAL NURSE II,129
CLINICAL NURSE II,130
CLINICAL NURSE II,131
CLINICAL NURSE II,132
CLINICAL NURSE II,133
CLINICAL NURSE II,134
CLINICAL NURSE II,135
CLINICAL NURSE II,136
CLINICAL NURSE II,137
CLINICAL NURSE III,138
CLINICAL NURSE III,139
CLINICAL NURSE II,140
CLINICAL NURSE CASUAL POOL,141
CLINICAL NURSE II,142
CLINICAL NURSE I/RESIDENT,143
CLINICAL NURSE II,144
CLINICAL NURSE II,145
CLINICAL NURSE III,146
CLINICAL NURSE CASUAL POOL,147
CLINICAL NURSE II,148
CLINICAL NURSE II,149
CLINICAL NURSE II,150
NURSE APPRENTICE II,151
CLINICAL NURSE II,152
CLINICAL NURSE CASUAL POOL,153
CLINICAL NURSE CASUAL POOL,154
CLINICAL NURSE II,155
CLINICAL NURSE II,156
CLINICAL NURSE III,157
CLINICAL NURSE II,158
CLINICAL NURSE II,159
CLINICAL NURSE II,160
CLINICAL NURSE II,161
CLINICAL NURSE II,162
CLINICAL NURSE II,163
CLINICAL NURSE I/RESIDENT,164
CLINICAL NURSE II,165
CLINICAL NURSE II,166
CLINICAL NURSE II,167
CLINICAL NURSE II,168
CLINICAL NURSE III,169
CLINICAL NURSE II,170
CLINICAL NURSE II,171
CLINICAL NURSE II,172
CLINICAL NURSE II,173
CLINICAL NURSE CASUAL POOL,174
CLINICAL NURSE II,175
CLINICAL NURSE II,176
CLINICAL NURSE I/RESIDENT,177
CLINICAL NURSE II,178
CLINICAL NURSE II,179
CLINICAL NURSE II,180
CLINICAL NURSE I/RESIDENT,181
CLINICAL NURSE III,182
CLINICAL NURSE II,183
CLINICAL NURSE II,184
CLINICAL NURSE I/RESIDENT,185
CLINICAL NURSE II,186
CLINICAL NURSE II,187
CLINICAL NURSE III,188
CLINICAL NURSE II,189
ASSISTANT NURSE MANAGER,190
CLINICAL NURSE I/RESIDENT,191
CLINICAL NURSE II,192
CLINICAL NURSE I/RESIDENT,193
CLINICAL NURSE II,194
CLINICAL NURSE II,195
CLINICAL NURSE II,196
NURSE APPRENTICE II,197
CLINICAL NURSE I/RESIDENT,198
CLINICAL NURSE III,199
CLINICAL NURSE I/RESIDENT,200
CLINICAL NURSE I/RESIDENT,201
CLINICAL NURSE I/RESIDENT,202
CLINICAL NURSE II,203
CLINICAL NURSE II,204
ASSISTANT NURSE MANAGER,205
CLINICAL NURSE II,206
CLINICAL NURSE II,207
CLINICAL NURSE II,208
CLINICAL NURSE II,209
ADMINISTRATOR ON DUTY,210
NURSE APPRENTICE II,211
CLINICAL NURSE II,212
CLINICAL NURSE II,213
CLINICAL NURSE II,214
CLINICAL NURSE II,215
CLINICAL NURSE II,216
CLINICAL NURSE II,217
CLINICAL NURSE II,218
CLINICAL NURSE II,219
ASSISTANT NURSE MANAGER,220
CLINICAL NURSE II,221
NURSE APPRENTICE I,222
CLINICAL NURSE II,223
CLINICAL NURSE II,224
CLINICAL NURSE II,225
CLINICAL NURSE II,226
CLINICAL NURSE II,227
NURSE APPRENTICE II,228
CLINICAL NURSE II,229
CLINICAL NURSE I/RESIDENT,230
CLINICAL NURSE II,231
CLINICAL NURSE II,232
CLINICAL NURSE II,233
CLINICAL NURSE III,234
CLINICAL NURSE II,235
CLINICAL NURSE I/RESIDENT,236
CLINICAL NURSE II,237
CLINICAL NURSE CASUAL POOL,238
NURSE APPRENTICE I,239
CLINICAL NURSE II,240
CLINICAL NURSE II,241
CLINICAL NURSE II,242
CLINICAL NURSE II,243
CLINICAL NURSE I/RESIDENT,244
CLINICAL NURSE II,245
CLINICAL NURSE II,246
CLINICAL NURSE II,247
CLINICAL NURSE II,248
CLINICAL NURSE I/RESIDENT,249
CLINICAL NURSE I/RESIDENT,250
CLINICAL NURSE II,251
CLINICAL NURSE III,252
CLINICAL NURSE I/RESIDENT,253
CLINICAL NURSE II,254
CLINICAL NURSE I/RESIDENT,255
CLINICAL NURSE II,256
CLINICAL NURSE CASUAL POOL,257
CLINICAL NURSE II,258
CLINICAL NURSE II,259
CLINICAL NURSE II,260
CLINICAL NURSE II,261
NURSE APPRENTICE II,262
CLINICAL NURSE II,263
NURSE APPRENTICE II,264
CLINICAL NURSE I/RESIDENT,265
CLINICAL NURSE II,266
CLINICAL NURSE II,267
CLINICAL NURSE III,268
CLINICAL NURSE II,269
CLINICAL NURSE I/RESIDENT,270
CLINICAL NURSE II,271
CLINICAL NURSE II,272
CLINICAL NURSE II,273
CLINICAL NURSE II,274
CLINICAL NURSE II,275
CLINICAL NURSE II,276
CLINICAL NURSE III,277
CLINICAL NURSE II,278
CLINICAL NURSE II,279
NURSE APPRENTICE I,280
CLINICAL NURSE II,281
CLINICAL NURSE II,282
CLINICAL NURSE II,283
CLINICAL NURSE II,284
CLINICAL NURSE I/RESIDENT,285
CLINICAL NURSE III,286
CLINICAL NURSE II,287
CLINICAL NURSE II,288
CLINICAL NURSE II,289
CLINICAL NURSE I/RESIDENT,290
CLINICAL NURSE II,291
CLINICAL NURSE II,292
CLINICAL NURSE II,293
CLINICAL NURSE II,294
CLINICAL NURSE I/RESIDENT,295
CLINICAL NURSE I/RESIDENT,296
CLINICAL NURSE II,297
CLINICAL NURSE II,298
CLINICAL NURSE II,299
CLINICAL NURSE II,300
CLINICAL NURSE II,301
CLINICAL NURSE II,302
CLINICAL NURSE I/RESIDENT,303
CLINICAL NURSE II,304
CLINICAL NURSE II,305
CLINICAL NURSE III,306
CLINICAL NURSE II,307
CLINICAL NURSE II,308
ADMINISTRATOR ON DUTY,309
CLINICAL NURSE II,310
CLINICAL NURSE II,311
CLINICAL NURSE II,312
CLINICAL NURSE CASUAL POOL,313
CLINICAL NURSE II,314
CLINICAL NURSE II,315
NURSE APPRENTICE II,316
CLINICAL NURSE II,317
CLINICAL NURSE II,318
CLINICAL NURSE II,319
CLINICAL NURSE II,320
CLINICAL NURSE II,321
CLINICAL NURSE II,322
CLINICAL NURSE II,323
ASSISTANT NURSE MANAGER,324
CLINICAL NURSE II,325
CLINICAL NURSE I/RESIDENT,326
CLINICAL NURSE II,327
CLINICAL NURSE II,328
CLINICAL NURSE II,329
CLINICAL NURSE II,330
CLINICAL NURSE I/RESIDENT,331
CLINICAL NURSE II,332
CLINICAL NURSE II,333
CLINICAL NURSE II,334
CLINICAL NURSE II,335
CLINICAL NURSE II,336
CLINICAL NURSE CASUAL POOL,337
CLINICAL NURSE II,338
CLINICAL NURSE I/RESIDENT,339
CLINICAL NURSE II,340
CLINICAL NURSE II,341
CLINICAL NURSE II,342
CLINICAL NURSE II,343
CLINICAL NURSE I/RESIDENT,344
CLINICAL NURSE II,345
CLINICAL NURSE II,346
CLINICAL NURSE I/RESIDENT,347
CLINICAL NURSE II,348
CLINICAL NURSE II,349
CLINICAL NURSE II,350
CLINICAL NURSE II,351
CLINICAL NURSE III,352
CLINICAL NURSE II,353
CLINICAL NURSE II,354
CLINICAL NURSE II,355
CLINICAL NURSE I/RESIDENT,356
CLINICAL NURSE II,357
CLINICAL NURSE I/RESIDENT,358
CLINICAL NURSE I/RESIDENT,359
CLINICAL NURSE II,360
CLINICAL NURSE I/RESIDENT,361
CLINICAL NURSE II,362
CLINICAL NURSE I/RESIDENT,363
CLINICAL NURSE I/RESIDENT,364
CLINICAL NURSE II,365
CLINICAL NURSE I/RESIDENT,366
CLINICAL NURSE II,367
CLINICAL NURSE II,368
CLINICAL NURSE II,369
CLINICAL NURSE II,370
CLINICAL NURSE II,371
CLINICAL NURSE II,372
CLINICAL NURSE II,373
CLINICAL NURSE I/RESIDENT,374
CLINICAL NURSE I/RESIDENT,375
CLINICAL NURSE II,376
CLINICAL NURSE II,377
CLINICAL NURSE I/RESIDENT,378
CLINICAL NURSE I/RESIDENT,379
CLINICAL NURSE I/RESIDENT,380
CLINICAL NURSE I/RESIDENT,381
CLINICAL NURSE III,382
CLINICAL NURSE II,383
CLINICAL NURSE II,384
CLINICAL NURSE II,385
CLINICAL NURSE II,386
CLINICAL NURSE II,387
CLINICAL NURSE I/RESIDENT,388
CLINICAL NURSE II,389
CLINICAL NURSE II,390
CLINICAL NURSE I/RESIDENT,391
CLINICAL NURSE I/RESIDENT,392
CLINICAL NURSE I/RESIDENT,393
CLINICAL NURSE I/RESIDENT,394
CLINICAL NURSE II,395
CLINICAL NURSE II,396
CLINICAL NURSE III,397
CLINICAL NURSE II,398
CLINICAL NURSE II,399
CLINICAL NURSE III,400
CLINICAL NURSE II,401
CLINICAL NURSE II,402
CLINICAL NURSE III,403
CLINICAL NURSE III,404
CLINICAL NURSE III,405
CLINICAL NURSE III,406
CLINICAL NURSE II,407
ASSISTANT NURSE MANAGER,408
CLINICAL NURSE III,409
ASSISTANT NURSE MANAGER,410
ADMINISTRATOR ON DUTY,411
CLINICAL NURSE II,412
CLINICAL NURSE II,413
MANAGER NURSE,414
CLINICAL NURSE II,415
CLINICAL NURSE II,416
CLINICAL NURSE II,417
CLINICAL NURSE II,418
CLINICAL NURSE II,419
ASSISTANT NURSE MANAGER,420
MANAGER NURSE,421
MANAGER NURSE,422
CLINICAL NURSE III,423
CLINICAL NURSE III,424
CLINICAL NURSE II,425
ASSISTANT NURSE MANAGER,426
CLINICAL NURSE III,427
CLINICAL NURSE II,428
CLINICAL NURSE II,429
CLINICAL NURSE II,430
CLINICAL NURSE II,431
CLINICAL NURSE II,432
CLINICAL NURSE II,433
CLINICAL NURSE II,434
CLINICAL NURSE II,435
CLINICAL NURSE III,436
CLINICAL NURSE II,437
CLINICAL NURSE II,438
CLINICAL NURSE II,439
CLINICAL NURSE II,440
CLINICAL NURSE II,441
CLINICAL NURSE II,442
ADMINISTRATOR ON DUTY,443
CLINICAL NURSE II,444
ADMINISTRATOR ON DUTY,445
CLINICAL NURSE II,446
CLINICAL NURSE II,447
CLINICAL NURSE CASUAL POOL,448
CLINICAL NURSE II,449
CLINICAL NURSE I/RESIDENT,450
CLINICAL NURSE II,451
CLINICAL NURSE II,452
NURSE APPRENTICE I,453
CLINICAL NURSE II,454
CLINICAL NURSE II,455
CLINICAL NURSE I/RESIDENT,456
CLINICAL NURSE II,457
CLINICAL NURSE II,458
CLINICAL NURSE II,459
CLINICAL NURSE I/RESIDENT,460
CLINICAL NURSE II,461
CLINICAL NURSE I/RESIDENT,462
CLINICAL NURSE II,463
CLINICAL NURSE I/RESIDENT,464
CLINICAL NURSE II,465
CLINICAL NURSE II,466
ADMINISTRATOR ON DUTY,467
CLINICAL NURSE II,468
CLINICAL NURSE I/RESIDENT,469
CLINICAL NURSE II,470
CLINICAL NURSE II,471
CLINICAL NURSE II,472
CLINICAL NURSE II,473
CLINICAL NURSE II,474
CLINICAL NURSE II,475
CLINICAL NURSE II,476
CLINICAL NURSE CASUAL POOL,477
CLINICAL NURSE II,478
CLINICAL NURSE II,479
CLINICAL NURSE II,480
CLINICAL NURSE I/RESIDENT,481
CLINICAL NURSE II,482
NURSE APPRENTICE II,483
CLINICAL NURSE III,484
CLINICAL NURSE I/RESIDENT,485
CLINICAL NURSE I/RESIDENT,486
CLINICAL NURSE II,487
CLINICAL NURSE II,488
CLINICAL NURSE I/RESIDENT,489
CLINICAL NURSE II,490
CLINICAL NURSE II,491
CLINICAL NURSE I/RESIDENT,492
CLINICAL NURSE II,493
CLINICAL NURSE I/RESIDENT,494
CLINICAL NURSE II,495
CLINICAL NURSE II,496
CLINICAL NURSE II,497
MANAGER NURSE,498
CLINICAL NURSE II,499
CLINICAL NURSE I/RESIDENT,500
CLINICAL NURSE I/RESIDENT,501
MANAGER NURSE,502
CLINICAL NURSE II,503
CLINICAL NURSE II,504
CLINICAL NURSE II,505
CLINICAL NURSE II,506
CLINICAL NURSE II,507
CLINICAL NURSE II,508
CLINICAL NURSE II,509
CLINICAL NURSE II,510
CLINICAL NURSE II,511
CLINICAL NURSE II,512
CLINICAL NURSE II,513
CLINICAL NURSE I/RESIDENT,514
CLINICAL NURSE II,515
CLINICAL NURSE I/RESIDENT,516
CLINICAL NURSE II,517
CLINICAL NURSE II,518
CLINICAL NURSE I/RESIDENT,519
CLINICAL NURSE II,520
CLINICAL NURSE II,521
MANAGER NURSE,522
ADMINISTRATOR ON DUTY,523
CLINICAL NURSE II,524
CLINICAL NURSE II,525
ASSISTANT NURSE MANAGER,526
CLINICAL NURSE III,527
CLINICAL NURSE II,528
CLINICAL NURSE CASUAL POOL,529
